factor_id,family,family_use,best_horizon,direction,rating,primary_use,edge_pct,long_return_pct,edge_win_pct,mean_ic,ic_ir,monotonicity,note
Alpha001,price_volume_corr,volume_price_divergence_and_confirmation,T+5,high_is_better,medium,environment_confirm_or_aux_rank,0.0886,0.6935,55.86,0.029849,8.9715,0.7442,
Alpha002,momentum_reversal,momentum_reversal_or_repair_regime,T+1,low_is_better,watch,monitor_only,0.0192,0.112,51.04,0.012115,1.6139,-0.1193,
Alpha003,momentum_reversal,momentum_reversal_or_repair_regime,T+5,low_is_better,strong,gate_or_rank_candidate,0.3908,0.7682,60.04,-0.044885,-5.8124,-0.7551,
Alpha004,price_volume,liquidity_and_volume_price_strength,T+1,high_is_better,insufficient,do_not_use_until_coverage_fixed,,,,,,,
Alpha005,price_volume_corr,volume_price_divergence_and_confirmation,T+5,high_is_better,strong,gate_or_rank_candidate,0.2618,0.7702,63.18,0.046375,10.993,0.9175,
Alpha006,momentum_reversal,momentum_reversal_or_repair_regime,T+1,high_is_better,insufficient,do_not_use_until_coverage_fixed,,,,,,,
Alpha007,vwap_deviation,cost_deviation_and_intraday_position_proxy,T+3,high_is_better,watch,monitor_only,0.018,0.3507,53.96,0.015922,1.9027,0.109,
Alpha008,vwap_deviation,cost_deviation_and_intraday_position_proxy,T+5,high_is_better,strong,gate_or_rank_candidate,0.3549,0.7341,56.9,0.041467,5.2491,0.6975,
Alpha009,price_volume,liquidity_and_volume_price_strength,T+5,low_is_better,strong,gate_or_rank_candidate,0.3397,0.8011,60.67,-0.040028,-5.3248,-0.8962,
Alpha010,volatility,volatility_and_crowding_risk,T+1,low_is_better,medium,environment_confirm_or_aux_rank,0.0364,0.1254,54.36,-0.040255,-4.9488,-0.5259,
Alpha011,price_volume,liquidity_and_volume_price_strength,T+5,low_is_better,strong,gate_or_rank_candidate,0.29,0.6446,59.62,-0.022158,-3.6947,-0.5489,
Alpha012,vwap_deviation,cost_deviation_and_intraday_position_proxy,T+5,high_is_better,medium,environment_confirm_or_aux_rank,0.1101,0.7329,53.14,0.026753,2.3613,0.9662,
Alpha013,vwap_deviation,cost_deviation_and_intraday_position_proxy,T+5,low_is_better,medium,environment_confirm_or_aux_rank,0.1125,0.7316,53.14,-0.027049,-2.3872,-0.9727,
Alpha014,momentum_reversal,momentum_reversal_or_repair_regime,T+5,low_is_better,strong,gate_or_rank_candidate,0.3569,0.7407,58.16,-0.044142,-5.406,-0.7026,
Alpha015,momentum_reversal,momentum_reversal_or_repair_regime,T+3,high_is_better,strong,gate_or_rank_candidate,0.264,0.5001,64.58,0.021746,3.8276,0.8624,
Alpha016,price_volume_corr,volume_price_divergence_and_confirmation,T+5,high_is_better,strong,gate_or_rank_candidate,0.175,0.7278,60.04,0.044246,10.9604,0.8714,
Alpha017,vwap_deviation,cost_deviation_and_intraday_position_proxy,T+5,high_is_better,strong,gate_or_rank_candidate,0.3009,0.7293,57.53,0.036444,4.5369,0.7372,
Alpha018,momentum_reversal,momentum_reversal_or_repair_regime,T+5,low_is_better,strong,gate_or_rank_candidate,0.4229,0.8173,59.62,-0.052003,-6.4132,-0.8727,
Alpha019,momentum_reversal,momentum_reversal_or_repair_regime,T+5,low_is_better,strong,gate_or_rank_candidate,0.4229,0.8174,59.62,-0.052003,-6.4132,-0.8727,
Alpha020,momentum_reversal,momentum_reversal_or_repair_regime,T+5,low_is_better,strong,gate_or_rank_candidate,0.3849,0.8014,59.0,-0.052149,-6.3371,-0.8519,
Alpha021,price_structure,price_location_and_structure,T+5,low_is_better,strong,gate_or_rank_candidate,0.2029,0.6695,57.32,-0.038277,-4.7637,-0.5139,
Alpha022,momentum_reversal,momentum_reversal_or_repair_regime,T+5,low_is_better,strong,gate_or_rank_candidate,0.3955,0.8037,56.69,-0.034646,-4.2966,-0.8726,
Alpha023,volatility,volatility_and_crowding_risk,T+3,low_is_better,medium,environment_confirm_or_aux_rank,0.0786,0.4196,52.08,-0.021841,-4.0836,-0.8139,
Alpha024,momentum_reversal,momentum_reversal_or_repair_regime,T+5,low_is_better,strong,gate_or_rank_candidate,0.3108,0.7153,61.09,-0.049402,-6.1052,-0.6241,
Alpha025,price_volume,liquidity_and_volume_price_strength,T+5,high_is_better,medium,environment_confirm_or_aux_rank,0.1216,0.7019,55.23,0.03299,4.3787,0.6691,
Alpha026,price_volume_corr,volume_price_divergence_and_confirmation,T+5,high_is_better,strong,gate_or_rank_candidate,0.3392,0.735,57.32,0.041567,5.1368,0.7412,
Alpha027,momentum_reversal,momentum_reversal_or_repair_regime,T+5,low_is_better,strong,gate_or_rank_candidate,0.2692,0.7419,58.58,-0.05601,-7.0904,-0.7587,
Alpha028,price_structure,price_location_and_structure,T+5,low_is_better,strong,gate_or_rank_candidate,0.1882,0.7271,57.11,-0.019334,-3.7051,-0.8826,
Alpha029,price_volume,liquidity_and_volume_price_strength,T+5,low_is_better,strong,gate_or_rank_candidate,0.3033,0.6489,59.41,-0.046026,-6.906,-0.563,
Alpha030,factor_model,extra_data_required,,,needs_data_source,unavailable_until_extra_data_added,,,,,,,needs MKT/SMB/HML
Alpha031,price_structure,price_location_and_structure,T+5,low_is_better,strong,gate_or_rank_candidate,0.3446,0.7619,58.37,-0.055515,-6.7606,-0.8026,
Alpha032,price_volume_corr,volume_price_divergence_and_confirmation,T+5,high_is_better,strong,gate_or_rank_candidate,0.1948,0.7522,62.55,0.039321,11.4372,0.9506,
Alpha033,price_volume,liquidity_and_volume_price_strength,T+3,high_is_better,medium,environment_confirm_or_aux_rank,0.1361,0.4479,53.96,0.029857,3.992,0.7924,
Alpha034,price_structure,price_location_and_structure,T+5,high_is_better,strong,gate_or_rank_candidate,0.3446,0.7619,58.37,0.055515,6.7606,0.8027,
Alpha035,price_volume_corr,volume_price_divergence_and_confirmation,T+5,high_is_better,strong,gate_or_rank_candidate,0.2773,0.737,59.83,0.03811,7.1108,0.7673,
Alpha036,price_volume_corr,volume_price_divergence_and_confirmation,T+5,low_is_better,strong,gate_or_rank_candidate,0.2123,0.7237,59.0,-0.045846,-9.3248,-0.7771,
Alpha037,momentum_reversal,momentum_reversal_or_repair_regime,T+5,high_is_better,medium,environment_confirm_or_aux_rank,0.1254,0.6372,55.02,0.020028,2.5101,0.3576,
Alpha038,momentum_reversal,momentum_reversal_or_repair_regime,T+5,high_is_better,strong,gate_or_rank_candidate,0.3238,0.7716,57.95,0.032718,6.165,0.6715,
Alpha039,price_volume_corr,volume_price_divergence_and_confirmation,T+5,high_is_better,watch,monitor_only,0.0228,0.7099,51.46,0.018696,3.0812,0.4532,
Alpha040,price_volume,liquidity_and_volume_price_strength,T+5,low_is_better,medium,environment_confirm_or_aux_rank,0.1005,0.6566,55.02,-0.038438,-6.5587,-0.4612,
Alpha041,vwap_deviation,cost_deviation_and_intraday_position_proxy,T+5,high_is_better,strong,gate_or_rank_candidate,0.1511,0.6699,57.95,0.054446,6.0886,0.5344,
Alpha042,price_volume_corr,volume_price_divergence_and_confirmation,T+5,high_is_better,strong,gate_or_rank_candidate,0.4993,0.8487,59.41,0.076502,8.2634,0.8956,
Alpha043,price_volume,liquidity_and_volume_price_strength,T+5,low_is_better,strong,gate_or_rank_candidate,0.2538,0.6331,57.11,-0.037535,-6.7637,-0.558,
Alpha044,price_volume_corr,volume_price_divergence_and_confirmation,T+5,low_is_better,strong,gate_or_rank_candidate,0.2104,0.7068,58.58,-0.024266,-4.6716,-0.6913,
Alpha045,price_volume_corr,volume_price_divergence_and_confirmation,T+5,low_is_better,medium,environment_confirm_or_aux_rank,0.1299,0.6751,53.14,-0.021731,-3.3821,-0.5931,
Alpha046,price_structure,price_location_and_structure,T+5,high_is_better,strong,gate_or_rank_candidate,0.3951,0.7959,59.0,0.061226,7.3565,0.8583,
Alpha047,price_structure,price_location_and_structure,T+5,high_is_better,medium,environment_confirm_or_aux_rank,0.136,0.6584,51.05,0.024015,3.4477,0.4065,
Alpha048,price_volume,liquidity_and_volume_price_strength,T+5,high_is_better,strong,gate_or_rank_candidate,0.3928,0.7686,61.51,0.044206,7.4603,0.8109,
Alpha049,momentum_reversal,momentum_reversal_or_repair_regime,T+5,high_is_better,strong,gate_or_rank_candidate,0.237,0.6836,55.65,0.047133,7.2325,0.6106,
Alpha050,momentum_reversal,momentum_reversal_or_repair_regime,T+5,low_is_better,strong,gate_or_rank_candidate,0.2368,0.6837,55.44,-0.047133,-7.2325,-0.6103,
Alpha051,momentum_reversal,momentum_reversal_or_repair_regime,T+5,low_is_better,strong,gate_or_rank_candidate,0.2368,0.6837,55.44,-0.047133,-7.2325,-0.6103,
Alpha052,momentum_reversal,momentum_reversal_or_repair_regime,T+5,low_is_better,strong,gate_or_rank_candidate,0.1958,0.7021,55.23,-0.057231,-7.517,-0.6402,
Alpha053,momentum_reversal,momentum_reversal_or_repair_regime,T+3,low_is_better,medium,environment_confirm_or_aux_rank,0.0474,0.3859,53.54,-0.027073,-5.1986,-0.5867,
Alpha054,price_volume_corr,volume_price_divergence_and_confirmation,T+5,high_is_better,medium,environment_confirm_or_aux_rank,0.1792,0.6716,55.65,0.025148,3.4036,0.5117,
Alpha055,momentum_reversal,momentum_reversal_or_repair_regime,T+5,low_is_better,strong,gate_or_rank_candidate,0.4486,0.7965,61.3,-0.062707,-7.6674,-0.7964,
Alpha056,price_volume_corr,volume_price_divergence_and_confirmation,T+1,high_is_better,insufficient,do_not_use_until_coverage_fixed,,,,,,,
Alpha057,price_structure,price_location_and_structure,T+5,low_is_better,medium,environment_confirm_or_aux_rank,0.1402,0.6277,51.88,-0.027209,-3.9173,-0.4159,
Alpha058,momentum_reversal,momentum_reversal_or_repair_regime,T+1,low_is_better,medium,environment_confirm_or_aux_rank,0.0194,0.13,49.79,-0.024455,-4.1796,-0.6361,
Alpha059,momentum_reversal,momentum_reversal_or_repair_regime,T+5,low_is_better,strong,gate_or_rank_candidate,0.4483,0.8033,61.92,-0.057549,-7.3491,-0.8032,
Alpha060,price_volume,liquidity_and_volume_price_strength,T+5,low_is_better,medium,environment_confirm_or_aux_rank,0.2007,0.5869,55.23,-0.016163,-2.8263,-0.3726,
Alpha061,price_volume_corr,volume_price_divergence_and_confirmation,T+5,high_is_better,strong,gate_or_rank_candidate,0.2416,0.7009,60.46,0.049835,8.0933,0.665,
Alpha062,price_volume_corr,volume_price_divergence_and_confirmation,T+5,high_is_better,strong,gate_or_rank_candidate,0.4124,0.8454,69.87,0.054967,13.6962,0.9614,
Alpha063,momentum_reversal,momentum_reversal_or_repair_regime,T+5,low_is_better,strong,gate_or_rank_candidate,0.2721,0.686,57.53,-0.04947,-6.872,-0.6604,
Alpha064,price_volume_corr,volume_price_divergence_and_confirmation,T+5,high_is_better,strong,gate_or_rank_candidate,0.1524,0.7215,62.55,0.034089,9.9983,0.8867,
Alpha065,price_structure,price_location_and_structure,T+5,high_is_better,strong,gate_or_rank_candidate,0.4105,0.8014,58.16,0.048097,5.8228,0.8738,
Alpha066,price_structure,price_location_and_structure,T+5,low_is_better,strong,gate_or_rank_candidate,0.41,0.8011,58.16,-0.048097,-5.8228,-0.8734,
Alpha067,momentum_reversal,momentum_reversal_or_repair_regime,T+5,low_is_better,strong,gate_or_rank_candidate,0.2402,0.6744,53.35,-0.060016,-7.9504,-0.5191,
Alpha068,price_volume,liquidity_and_volume_price_strength,T+5,low_is_better,strong,gate_or_rank_candidate,0.3573,0.8092,60.25,-0.04476,-5.9172,-0.8377,
Alpha069,price_structure,price_location_and_structure,T+5,low_is_better,strong,gate_or_rank_candidate,0.1881,0.6853,56.28,-0.053109,-7.4898,-0.5684,
Alpha070,price_volume,liquidity_and_volume_price_strength,T+5,low_is_better,strong,gate_or_rank_candidate,0.7577,1.0381,65.9,-0.094585,-11.1901,-0.9968,
Alpha071,price_structure,price_location_and_structure,T+5,low_is_better,strong,gate_or_rank_candidate,0.3426,0.7819,58.79,-0.067308,-8.1261,-0.8579,
Alpha072,price_structure,price_location_and_structure,T+5,high_is_better,medium,environment_confirm_or_aux_rank,0.1231,0.664,49.79,0.02151,2.9683,0.3345,
Alpha073,price_volume_corr,volume_price_divergence_and_confirmation,T+5,high_is_better,medium,environment_confirm_or_aux_rank,0.1934,0.7948,57.53,0.012382,3.4444,0.9711,
Alpha074,price_volume_corr,volume_price_divergence_and_confirmation,T+5,low_is_better,strong,gate_or_rank_candidate,0.1709,0.7414,56.28,-0.037966,-8.6355,-0.9515,
Alpha075,benchmark_style,benchmark_relative_style,T+5,low_is_better,strong,gate_or_rank_candidate,0.1952,0.7151,56.49,-0.033379,-5.4015,-0.7457,
Alpha076,price_volume,liquidity_and_volume_price_strength,T+5,high_is_better,watch,monitor_only,0.0276,0.6471,50.21,-0.008384,-2.0033,0.2523,
Alpha077,price_volume_corr,volume_price_divergence_and_confirmation,T+5,low_is_better,medium,environment_confirm_or_aux_rank,0.0827,0.7254,53.14,-0.01878,-2.361,-0.5222,
Alpha078,price_structure,price_location_and_structure,T+5,low_is_better,strong,gate_or_rank_candidate,0.231,0.6684,55.23,-0.045776,-6.5473,-0.6108,
Alpha079,momentum_reversal,momentum_reversal_or_repair_regime,T+5,low_is_better,strong,gate_or_rank_candidate,0.2636,0.6893,56.28,-0.056833,-7.8532,-0.6346,
Alpha080,price_volume,liquidity_and_volume_price_strength,T+5,low_is_better,strong,gate_or_rank_candidate,0.3959,0.7885,63.81,-0.038657,-7.9565,-0.8448,
Alpha081,price_volume,liquidity_and_volume_price_strength,T+5,low_is_better,strong,gate_or_rank_candidate,0.4648,0.9092,61.3,-0.043753,-6.5591,-0.988,
Alpha082,price_structure,price_location_and_structure,T+5,high_is_better,medium,environment_confirm_or_aux_rank,0.1197,0.6634,50.84,0.01909,2.5642,0.2967,
Alpha083,price_volume_corr,volume_price_divergence_and_confirmation,T+5,high_is_better,strong,gate_or_rank_candidate,0.3327,0.7751,64.23,0.060283,13.8763,0.8436,
Alpha084,price_volume,liquidity_and_volume_price_strength,T+5,low_is_better,strong,gate_or_rank_candidate,0.2024,0.6401,56.69,-0.042013,-7.0081,-0.5789,
Alpha085,price_volume,liquidity_and_volume_price_strength,T+1,low_is_better,watch,monitor_only,0.0225,0.1495,53.73,-0.002238,-0.3818,-0.4148,
Alpha086,momentum_reversal,momentum_reversal_or_repair_regime,T+5,high_is_better,medium,environment_confirm_or_aux_rank,0.1908,0.7277,54.18,0.027205,4.2909,0.4813,
Alpha087,vwap_deviation,cost_deviation_and_intraday_position_proxy,T+5,high_is_better,medium,environment_confirm_or_aux_rank,0.1145,0.7106,56.49,0.025449,4.9341,0.8023,
Alpha088,momentum_reversal,momentum_reversal_or_repair_regime,T+5,low_is_better,strong,gate_or_rank_candidate,0.3156,0.7822,58.58,-0.065976,-7.6882,-0.8648,
Alpha089,price_structure,price_location_and_structure,T+5,low_is_better,medium,environment_confirm_or_aux_rank,0.1526,0.6041,55.23,-0.031777,-3.8816,-0.1795,
Alpha090,price_volume_corr,volume_price_divergence_and_confirmation,T+5,high_is_better,strong,gate_or_rank_candidate,0.2324,0.7575,64.44,0.042661,11.367,0.8901,
Alpha091,price_volume_corr,volume_price_divergence_and_confirmation,T+5,high_is_better,medium,environment_confirm_or_aux_rank,0.18,0.6984,51.88,0.009152,1.406,0.6978,
Alpha092,price_volume_corr,volume_price_divergence_and_confirmation,T+5,high_is_better,strong,gate_or_rank_candidate,0.2383,0.7771,57.74,0.033056,6.9154,0.9699,
Alpha093,momentum_reversal,momentum_reversal_or_repair_regime,T+5,high_is_better,medium,environment_confirm_or_aux_rank,0.1382,0.7409,50.63,-0.01849,-1.5491,0.9921,
Alpha094,price_volume,liquidity_and_volume_price_strength,T+5,low_is_better,strong,gate_or_rank_candidate,0.1597,0.6312,53.35,-0.03873,-6.6028,-0.5184,
Alpha095,price_volume,liquidity_and_volume_price_strength,T+5,low_is_better,strong,gate_or_rank_candidate,0.6733,1.0438,63.81,-0.081715,-9.4223,-0.9943,
Alpha096,price_structure,price_location_and_structure,T+5,low_is_better,medium,environment_confirm_or_aux_rank,0.0847,0.61,51.88,-0.024131,-3.5036,-0.268,
Alpha097,price_volume,liquidity_and_volume_price_strength,T+5,low_is_better,strong,gate_or_rank_candidate,0.608,0.9556,62.97,-0.063018,-9.6727,-0.9891,
Alpha098,momentum_reversal,momentum_reversal_or_repair_regime,T+5,high_is_better,strong,gate_or_rank_candidate,0.235,0.7394,56.9,0.034209,4.4779,0.8815,
Alpha099,price_volume_corr,volume_price_divergence_and_confirmation,T+5,high_is_better,strong,gate_or_rank_candidate,0.2995,0.7453,63.18,0.05862,13.696,0.8078,
Alpha100,price_volume,liquidity_and_volume_price_strength,T+5,low_is_better,strong,gate_or_rank_candidate,0.5572,0.9387,62.34,-0.053914,-8.2717,-0.9878,
Alpha101,price_volume_corr,volume_price_divergence_and_confirmation,T+1,high_is_better,insufficient,do_not_use_until_coverage_fixed,,,,,,,
Alpha102,price_volume,liquidity_and_volume_price_strength,T+5,low_is_better,strong,gate_or_rank_candidate,0.4254,0.7944,63.81,-0.044197,-8.0541,-0.8506,
Alpha103,price_structure,price_location_and_structure,T+5,high_is_better,strong,gate_or_rank_candidate,0.1869,0.7564,51.67,0.02724,4.6654,0.9697,
Alpha104,price_volume_corr,volume_price_divergence_and_confirmation,T+5,high_is_better,medium,environment_confirm_or_aux_rank,0.1127,0.7791,54.6,0.011607,3.1183,0.745,
Alpha105,price_volume_corr,volume_price_divergence_and_confirmation,T+5,high_is_better,strong,gate_or_rank_candidate,0.3686,0.8106,66.32,0.036038,9.413,0.9118,
Alpha106,momentum_reversal,momentum_reversal_or_repair_regime,T+5,low_is_better,strong,gate_or_rank_candidate,0.3834,0.7637,59.83,-0.05942,-6.8487,-0.7224,
Alpha107,momentum_reversal,momentum_reversal_or_repair_regime,T+3,low_is_better,strong,gate_or_rank_candidate,0.214,0.4523,61.46,-0.022544,-3.4653,-0.8167,
Alpha108,price_volume_corr,volume_price_divergence_and_confirmation,T+1,low_is_better,medium,environment_confirm_or_aux_rank,0.0577,0.1456,49.38,0.016123,2.7907,-0.8487,
Alpha109,price_structure,price_location_and_structure,T+5,low_is_better,strong,gate_or_rank_candidate,0.2555,0.6677,56.28,-0.045919,-7.1274,-0.5155,
Alpha110,momentum_reversal,momentum_reversal_or_repair_regime,T+5,low_is_better,strong,gate_or_rank_candidate,0.1182,0.6749,55.65,-0.054503,-7.6628,-0.5604,
Alpha111,price_volume,liquidity_and_volume_price_strength,T+5,high_is_better,medium,environment_confirm_or_aux_rank,0.1832,0.5955,53.77,0.01327,2.1563,0.3872,
Alpha112,momentum_reversal,momentum_reversal_or_repair_regime,T+5,low_is_better,strong,gate_or_rank_candidate,0.2391,0.6721,56.28,-0.048207,-7.1836,-0.6212,
Alpha113,price_volume_corr,volume_price_divergence_and_confirmation,T+5,high_is_better,medium,environment_confirm_or_aux_rank,0.1641,0.7326,62.76,0.023138,6.1424,0.9216,
Alpha114,vwap_deviation,cost_deviation_and_intraday_position_proxy,T+5,high_is_better,strong,gate_or_rank_candidate,0.1722,0.7159,55.44,0.051002,5.3129,0.8222,
Alpha115,price_volume_corr,volume_price_divergence_and_confirmation,T+5,high_is_better,medium,environment_confirm_or_aux_rank,0.0736,0.6638,54.39,0.014372,3.3529,0.5403,
Alpha116,price_structure,price_location_and_structure,T+5,low_is_better,strong,gate_or_rank_candidate,0.3244,0.7401,60.67,-0.051375,-6.2607,-0.6805,
Alpha117,price_volume,liquidity_and_volume_price_strength,T+5,high_is_better,watch,monitor_only,0.0998,0.6239,49.79,0.013564,2.1535,0.3424,
Alpha118,price_structure,price_location_and_structure,T+5,low_is_better,strong,gate_or_rank_candidate,0.1768,0.699,56.69,-0.062106,-8.764,-0.5689,
Alpha119,price_volume_corr,volume_price_divergence_and_confirmation,T+5,high_is_better,watch,monitor_only,0.0341,0.6851,50.63,-0.001133,-0.316,0.5211,
Alpha120,vwap_deviation,cost_deviation_and_intraday_position_proxy,T+5,high_is_better,medium,environment_confirm_or_aux_rank,0.1203,0.7357,53.14,0.027474,2.4255,0.9622,
Alpha121,price_volume_corr,volume_price_divergence_and_confirmation,T+5,high_is_better,strong,gate_or_rank_candidate,0.1016,0.6499,58.37,0.048363,5.7325,0.3449,
Alpha122,momentum_reversal,momentum_reversal_or_repair_regime,T+5,low_is_better,strong,gate_or_rank_candidate,0.0604,0.677,51.88,-0.049159,-5.5515,-0.713,
Alpha123,price_volume_corr,volume_price_divergence_and_confirmation,T+1,high_is_better,insufficient,do_not_use_until_coverage_fixed,,,,,,,
Alpha124,vwap_deviation,cost_deviation_and_intraday_position_proxy,T+5,low_is_better,medium,environment_confirm_or_aux_rank,0.1661,0.8445,54.81,-0.017482,-3.7477,-0.6229,
Alpha125,price_volume_corr,volume_price_divergence_and_confirmation,T+5,high_is_better,medium,environment_confirm_or_aux_rank,0.1009,0.7366,51.67,0.01688,2.8476,0.804,
Alpha126,price_structure,price_location_and_structure,T+5,low_is_better,medium,environment_confirm_or_aux_rank,0.1149,0.7338,53.14,-0.02722,-2.4024,-0.964,
Alpha127,price_structure,price_location_and_structure,T+5,high_is_better,strong,gate_or_rank_candidate,0.376,0.7831,50.84,0.015146,1.709,0.8567,
Alpha128,price_volume,liquidity_and_volume_price_strength,T+5,low_is_better,strong,gate_or_rank_candidate,0.1859,0.6697,55.65,-0.043746,-7.187,-0.5373,
Alpha129,momentum_reversal,momentum_reversal_or_repair_regime,T+5,high_is_better,medium,environment_confirm_or_aux_rank,0.0371,0.6737,48.12,-0.031839,-2.5965,0.6303,
Alpha130,price_volume_corr,volume_price_divergence_and_confirmation,T+5,high_is_better,medium,environment_confirm_or_aux_rank,0.0933,0.7464,56.28,0.018526,5.0677,0.8022,
Alpha131,price_volume_corr,volume_price_divergence_and_confirmation,T+5,low_is_better,medium,environment_confirm_or_aux_rank,0.1115,0.6855,51.46,-0.022183,-3.4559,-0.7325,
Alpha132,price_volume,liquidity_and_volume_price_strength,T+5,low_is_better,strong,gate_or_rank_candidate,0.565,1.0201,61.09,-0.06867,-7.5292,-0.9704,
Alpha133,price_structure,price_location_and_structure,T+5,low_is_better,strong,gate_or_rank_candidate,0.1811,0.7042,58.16,-0.042517,-6.6666,-0.6645,
Alpha134,price_volume,liquidity_and_volume_price_strength,T+5,low_is_better,strong,gate_or_rank_candidate,0.3183,0.6528,60.25,-0.053382,-8.4502,-0.5653,
Alpha135,momentum_reversal,momentum_reversal_or_repair_regime,T+5,low_is_better,strong,gate_or_rank_candidate,0.15,0.755,51.88,-0.049029,-5.1172,-0.9463,
Alpha136,price_volume_corr,volume_price_divergence_and_confirmation,T+5,high_is_better,strong,gate_or_rank_candidate,0.3409,0.829,61.51,0.02834,5.1189,0.7992,
Alpha137,momentum_reversal,momentum_reversal_or_repair_regime,T+5,low_is_better,strong,gate_or_rank_candidate,0.2627,0.6964,55.65,-0.036362,-4.3594,-0.7021,
Alpha138,price_volume_corr,volume_price_divergence_and_confirmation,T+5,low_is_better,medium,environment_confirm_or_aux_rank,0.1328,0.7289,52.09,0.011117,1.938,-0.4894,
Alpha139,price_volume_corr,volume_price_divergence_and_confirmation,T+5,high_is_better,strong,gate_or_rank_candidate,0.4635,0.8426,67.78,0.041956,8.6436,0.921,
Alpha140,price_volume_corr,volume_price_divergence_and_confirmation,T+5,low_is_better,strong,gate_or_rank_candidate,0.106,0.6439,50.0,0.053486,8.056,-0.495,
Alpha141,price_volume_corr,volume_price_divergence_and_confirmation,T+5,high_is_better,medium,environment_confirm_or_aux_rank,0.131,0.6977,63.18,0.011891,4.9133,0.6774,
Alpha142,price_volume,liquidity_and_volume_price_strength,T+1,low_is_better,medium,environment_confirm_or_aux_rank,0.0522,0.1392,49.17,0.017653,2.4711,-0.6932,
Alpha143,custom_state,extra_data_required,,,needs_data_source,unavailable_until_extra_data_added,,,,,,,needs SELF recursive/custom state
Alpha144,price_volume,liquidity_and_volume_price_strength,T+5,high_is_better,strong,gate_or_rank_candidate,0.5832,1.053,63.81,0.043516,5.0104,0.9383,
Alpha145,price_volume,liquidity_and_volume_price_strength,T+5,low_is_better,strong,gate_or_rank_candidate,0.3399,0.7639,60.88,-0.050165,-8.4346,-0.7854,
Alpha146,momentum_reversal,momentum_reversal_or_repair_regime,T+1,high_is_better,watch,monitor_only,0.081,0.171,54.98,-0.000484,-0.0837,0.9494,
Alpha147,price_structure,price_location_and_structure,T+5,low_is_better,strong,gate_or_rank_candidate,0.2564,0.7287,58.79,-0.045005,-5.4229,-0.7196,
Alpha148,price_volume_corr,volume_price_divergence_and_confirmation,T+1,high_is_better,insufficient,do_not_use_until_coverage_fixed,,,,,,,
Alpha149,benchmark_style,benchmark_relative_style,T+5,high_is_better,strong,gate_or_rank_candidate,0.5619,0.9575,58.79,0.020542,2.3906,0.9998,
Alpha150,price_volume,liquidity_and_volume_price_strength,T+5,low_is_better,strong,gate_or_rank_candidate,0.7887,1.042,66.95,-0.091853,-10.1664,-0.9955,
Alpha151,momentum_reversal,momentum_reversal_or_repair_regime,T+5,low_is_better,strong,gate_or_rank_candidate,0.2565,0.8085,54.39,-0.046522,-5.0323,-0.9891,
Alpha152,momentum_reversal,momentum_reversal_or_repair_regime,T+5,high_is_better,medium,environment_confirm_or_aux_rank,0.1222,0.7358,54.39,-0.009676,-1.2063,0.9801,
Alpha153,price_structure,price_location_and_structure,T+5,low_is_better,medium,environment_confirm_or_aux_rank,0.0893,0.7221,53.56,-0.023911,-2.1088,-0.9591,
Alpha154,price_volume_corr,volume_price_divergence_and_confirmation,T+1,high_is_better,insufficient,do_not_use_until_coverage_fixed,,,,,,,
Alpha155,price_volume,liquidity_and_volume_price_strength,T+5,low_is_better,strong,gate_or_rank_candidate,0.3891,0.6897,61.92,-0.035188,-6.3653,-0.6408,
Alpha156,vwap_deviation,cost_deviation_and_intraday_position_proxy,T+3,high_is_better,strong,gate_or_rank_candidate,0.0991,0.3833,55.0,0.041965,6.1583,0.533,
Alpha157,momentum_reversal,momentum_reversal_or_repair_regime,T+5,high_is_better,strong,gate_or_rank_candidate,0.1436,0.7047,58.58,0.040538,5.9066,0.7784,
Alpha158,price_structure,price_location_and_structure,T+5,high_is_better,strong,gate_or_rank_candidate,0.0539,0.5354,47.49,-0.064417,-6.3409,0.251,
Alpha159,momentum_reversal,momentum_reversal_or_repair_regime,T+5,high_is_better,strong,gate_or_rank_candidate,0.2429,0.6508,49.16,-0.06819,-5.5176,0.6006,
Alpha160,volatility,volatility_and_crowding_risk,T+5,high_is_better,medium,environment_confirm_or_aux_rank,0.1047,0.7279,48.12,-0.026272,-2.0839,0.978,
Alpha161,momentum_reversal,momentum_reversal_or_repair_regime,T+5,low_is_better,strong,gate_or_rank_candidate,0.0493,0.6797,54.18,-0.047409,-3.8051,-0.4192,
Alpha162,momentum_reversal,momentum_reversal_or_repair_regime,T+5,low_is_better,medium,environment_confirm_or_aux_rank,0.0936,0.6458,50.63,-0.022637,-3.1527,-0.4954,
Alpha163,vwap_deviation,cost_deviation_and_intraday_position_proxy,T+1,high_is_better,medium,environment_confirm_or_aux_rank,0.1113,0.1087,57.88,0.032483,3.9972,0.5256,
Alpha164,momentum_reversal,momentum_reversal_or_repair_regime,T+3,low_is_better,medium,environment_confirm_or_aux_rank,0.0088,0.3935,47.08,0.035275,3.107,-0.4238,
Alpha165,volatility,volatility_and_crowding_risk,T+5,high_is_better,medium,environment_confirm_or_aux_rank,0.1642,0.7544,58.16,0.015242,2.9131,0.9563,
Alpha166,momentum_reversal,momentum_reversal_or_repair_regime,T+5,high_is_better,strong,gate_or_rank_candidate,0.2779,0.7308,59.62,0.02317,3.2935,0.7833,
Alpha167,momentum_reversal,momentum_reversal_or_repair_regime,T+5,low_is_better,strong,gate_or_rank_candidate,0.1364,0.6813,54.81,-0.058965,-4.9871,-0.5493,
Alpha168,price_volume,liquidity_and_volume_price_strength,T+5,high_is_better,strong,gate_or_rank_candidate,0.451,0.7796,62.97,0.051705,9.073,0.7836,
Alpha169,momentum_reversal,momentum_reversal_or_repair_regime,T+5,low_is_better,medium,environment_confirm_or_aux_rank,0.1028,0.6898,53.14,-0.023348,-2.8014,-0.2158,
Alpha170,vwap_deviation,cost_deviation_and_intraday_position_proxy,T+1,low_is_better,watch,monitor_only,0.0736,0.1658,55.19,0.004969,0.6258,-0.7523,
Alpha171,price_structure,price_location_and_structure,T+1,high_is_better,medium,environment_confirm_or_aux_rank,0.1017,0.124,57.05,0.025602,3.5949,0.8163,
Alpha172,price_structure,price_location_and_structure,T+5,high_is_better,medium,environment_confirm_or_aux_rank,0.0358,0.7014,48.74,-0.009607,-1.9244,0.746,
Alpha173,price_structure,price_location_and_structure,T+5,low_is_better,medium,environment_confirm_or_aux_rank,0.1217,0.7368,53.14,-0.027665,-2.4397,-0.9463,
Alpha174,volatility,volatility_and_crowding_risk,T+5,high_is_better,medium,environment_confirm_or_aux_rank,0.0696,0.7039,47.49,-0.032232,-2.5424,0.9417,
Alpha175,momentum_reversal,momentum_reversal_or_repair_regime,T+5,low_is_better,strong,gate_or_rank_candidate,0.0815,0.6824,55.44,-0.052529,-4.2792,-0.4887,
Alpha176,price_volume_corr,volume_price_divergence_and_confirmation,T+5,low_is_better,strong,gate_or_rank_candidate,0.109,0.7003,57.74,-0.034691,-10.4275,-0.7871,
Alpha177,price_structure,price_location_and_structure,T+5,low_is_better,strong,gate_or_rank_candidate,0.1893,0.697,60.67,-0.044753,-7.3208,-0.6032,
Alpha178,price_volume,liquidity_and_volume_price_strength,T+5,low_is_better,medium,environment_confirm_or_aux_rank,0.1428,0.5576,51.88,-0.019968,-2.7006,-0.2853,
Alpha179,price_volume_corr,volume_price_divergence_and_confirmation,T+5,low_is_better,strong,gate_or_rank_candidate,0.2842,0.7497,64.64,-0.037696,-10.1167,-0.8227,
Alpha180,price_volume,liquidity_and_volume_price_strength,T+1,low_is_better,medium,environment_confirm_or_aux_rank,0.0226,0.1118,55.81,-0.019527,-3.7024,-0.4767,
Alpha181,benchmark_style,benchmark_relative_style,T+5,high_is_better,strong,gate_or_rank_candidate,0.5544,0.8758,61.51,0.022781,2.7322,0.9353,
Alpha182,benchmark_style,benchmark_relative_style,T+5,high_is_better,medium,environment_confirm_or_aux_rank,0.1325,0.7272,57.32,0.017762,2.5597,0.9359,
Alpha183,volatility,volatility_and_crowding_risk,T+5,high_is_better,strong,gate_or_rank_candidate,0.2905,0.8156,63.6,0.02698,5.1918,0.9775,
Alpha184,price_volume_corr,volume_price_divergence_and_confirmation,T+5,high_is_better,strong,gate_or_rank_candidate,0.3369,0.7989,58.58,0.042088,6.1438,0.905,
Alpha185,price_structure,price_location_and_structure,T+1,low_is_better,medium,environment_confirm_or_aux_rank,0.0157,0.133,45.85,0.032711,4.1696,-0.6576,
Alpha186,momentum_reversal,momentum_reversal_or_repair_regime,T+5,high_is_better,watch,monitor_only,0.0401,0.7273,44.98,-0.010268,-1.9641,0.5955,
Alpha187,momentum_reversal,momentum_reversal_or_repair_regime,T+5,low_is_better,strong,gate_or_rank_candidate,0.0654,0.6799,53.77,-0.053008,-4.3634,-0.6802,
Alpha188,price_structure,price_location_and_structure,T+5,low_is_better,medium,environment_confirm_or_aux_rank,0.1647,0.6385,59.62,-0.022177,-4.0081,-0.4228,
Alpha189,price_structure,price_location_and_structure,T+5,low_is_better,strong,gate_or_rank_candidate,0.0767,0.6877,53.56,-0.051109,-4.3297,-0.6106,
Alpha190,momentum_reversal,momentum_reversal_or_repair_regime,T+5,low_is_better,strong,gate_or_rank_candidate,0.1322,0.6178,48.74,0.062253,5.7009,-0.4311,
Alpha191,price_volume_corr,volume_price_divergence_and_confirmation,T+3,low_is_better,watch,monitor_only,0.0203,0.4074,52.08,-0.006685,-1.2035,-0.8721,
